speaker_id	audio_file_name	true_label	duration_s	position	draw_idx	predicted_label	correct	prob_bonafide
LA_0039	LA_E_2834763.flac	spoof	1.3769375	0.4388784397520523	0	spoof	1	0.0006183658260852098
LA_0039	LA_E_2834763.flac	spoof	1.3769375	0.6973680290593639	1	spoof	1	0.0006564815994352102
LA_0039	LA_E_2834763.flac	spoof	0.18835469577529906	0.9756223516367559	2	spoof	1	0.00037649014848284423
LA_0014	LA_E_8877452.flac	spoof	1.522279403980706	0.7860643052769538	0	spoof	1	0.0003755666839424521
LA_0014	LA_E_8877452.flac	spoof	0.25622726535109175	0.45038593789556713	1	spoof	1	0.0003791355702560395
LA_0014	LA_E_8877452.flac	spoof	0.7415960484651625	0.9267649888486018	2	spoof	1	0.0003804154403042048
LA_0040	LA_E_6828287.flac	spoof	1.287730240161329	0.82276161327083	0	spoof	1	0.0004102804232388735
LA_0040	LA_E_6828287.flac	spoof	0.8868283976546623	0.2272387217847769	1	spoof	1	0.0003824591694865376
LA_0040	LA_E_6828287.flac	spoof	1.1091695740316696	0.06381725610417532	2	spoof	1	0.00039453987847082317
LA_0022	LA_E_6977360.flac	spoof	1.6552623439851641	0.6316643991220648	0	spoof	1	0.000383700302336365
LA_0022	LA_E_6977360.flac	spoof	1.5161754801707477	0.35452596812986836	1	spoof	1	0.0003791072522290051
LA_0022	LA_E_6977360.flac	spoof	1.912	0.8931211213221977	2	spoof	1	0.0004602698900271207
LA_0031	LA_E_5932896.flac	spoof	1.5567669941475237	0.19463870785196757	0	spoof	1	0.0003818087570834905
LA_0031	LA_E_5932896.flac	spoof	0.9334420074540684	0.04380376578722878	1	spoof	1	0.000385574356187135
LA_0031	LA_E_5932896.flac	spoof	0.30857898413509566	0.6830489532424546	2	spoof	1	0.0003892981039825827
LA_0030	LA_E_5849185.flac	bonafide	1.4895243118156343	0.96750973243421	0	bonafide	1	0.9993168115615845
LA_0030	LA_E_5849185.flac	bonafide	0.6516507162763039	0.3704597060348689	1	bonafide	1	0.9992382526397705
LA_0030	LA_E_5849185.flac	bonafide	0.9391116225516158	0.1894713590842857	2	bonafide	1	0.9989744424819946
LA_0001	LA_E_6163791.flac	spoof	0.2598430106709433	0.47570492622593374	0	spoof	1	0.00037567372783087194
LA_0001	LA_E_6163791.flac	spoof	0.4538186981017682	0.6698139946825103	1	spoof	1	0.0003765933506656438
LA_0001	LA_E_6163791.flac	spoof	0.8743038377446615	0.8326781960578374	2	spoof	1	0.0003765547298826277
LA_0033	LA_E_4581379.flac	bonafide	1.4005302040044982	0.31236664138204107	0	spoof	0	0.0004050974966958165
LA_0033	LA_E_4581379.flac	bonafide	1.6645196027904021	0.8047643574968019	1	spoof	0	0.0003865128383040428
LA_0033	LA_E_4581379.flac	bonafide	0.7749567580603489	0.2883281039302441	2	bonafide	1	0.9990535378456116
LA_0002	LA_E_8814547.flac	spoof	1.364991007949951	0.1397524836093098	0	spoof	1	0.00037431815871968865
LA_0002	LA_E_8814547.flac	spoof	0.39981640495021664	0.007362269751005512	1	spoof	1	0.00038032111478969455
LA_0002	LA_E_8814547.flac	spoof	1.5738487550042768	0.6648508565920321	2	spoof	1	0.0003770824696402997
LA_0048	LA_E_9157999.flac	spoof	1.4103307572526702	0.7807290310219679	0	spoof	1	0.00040251246537081897
LA_0048	LA_E_9157999.flac	spoof	0.9178315510766799	0.5687411959528937	1	spoof	1	0.0003769167815335095
LA_0048	LA_E_9157999.flac	spoof	0.2795939962553149	0.11453007353597344	2	spoof	1	0.0003745883877854794
LA_0005	LA_E_1611480.flac	spoof	1.3368059235809433	0.4710962061431325	0	spoof	1	0.0003771020274143666
LA_0005	LA_E_1611480.flac	spoof	1.1304722129623777	0.7649988574160256	1	spoof	1	0.00037950300611555576
LA_0005	LA_E_1611480.flac	spoof	1.2694366400011816	0.5535794006579958	2	spoof	1	0.00037821775185875595
LA_0018	LA_E_6841754.flac	spoof	1.118414321490827	0.3039500980626122	0	spoof	1	0.00038395312731154263
LA_0018	LA_E_6841754.flac	spoof	0.06163566913587881	0.43671738923236236	1	spoof	1	0.0003844717866741121
LA_0018	LA_E_6841754.flac	spoof	0.4291693456390584	0.40852864372463615	2	spoof	1	0.00039586113416589797
LA_0023	LA_E_1781840.flac	spoof	1.7068061465363322	0.23393948586534075	0	spoof	1	0.00038034742465242743
LA_0023	LA_E_1781840.flac	spoof	0.11660548337813204	0.28138389202199654	1	spoof	1	0.0003812882350757718
LA_0023	LA_E_1781840.flac	spoof	0.5871875155333672	0.6619165147268951	2	spoof	1	0.0003771717892959714
LA_0002	LA_E_8872199.flac	spoof	1.1140643046825567	0.7838982091064135	0	spoof	1	0.00037709035677835345
LA_0002	LA_E_8872199.flac	spoof	1.328627080654775	0.4063868614400705	1	spoof	1	0.00037450375384651124
LA_0002	LA_E_8872199.flac	spoof	1.6280407693320693	0.1669729199077039	2	spoof	1	0.0003765453875530511
LA_0042	LA_E_1837629.flac	spoof	0.045424146267720955	0.09004786077564175	0	spoof	1	0.000391008477890864
LA_0042	LA_E_1837629.flac	spoof	1.4447187011929006	0.4618772302513874	1	spoof	1	0.0003747266309801489
LA_0042	LA_E_1837629.flac	spoof	0.3225435580672036	0.5010447751033635	2	spoof	1	0.0003876370028592646
LA_0039	LA_E_6314733.flac	bonafide	0.30462420542633684	0.696320375077736	0	bonafide	1	0.9992561936378479
LA_0039	LA_E_6314733.flac	bonafide	0.8923125511480614	0.3810212260964825	1	bonafide	1	0.9990813732147217
LA_0039	LA_E_6314733.flac	bonafide	0.603024178295753	0.6302825931188885	2	spoof	0	0.010102180764079094
LA_0042	LA_E_8469141.flac	spoof	0.7236252211067808	0.087649919316101	0	spoof	1	0.0003792852512560785
LA_0042	LA_E_8469141.flac	spoof	0.23601180424103063	0.9618976645495145	1	spoof	1	0.00037739280378445983
LA_0042	LA_E_8469141.flac	spoof	1.817161381415214	0.6997071338107496	2	spoof	1	0.00038375004078261554
LA_0037	LA_E_3379393.flac	bonafide	0.5317399229190392	0.9691763773477239	0	bonafide	1	0.9993135929107666
LA_0037	LA_E_3379393.flac	bonafide	1.5575018079315892	0.7168901891589956	1	bonafide	1	0.9992842078208923
LA_0037	LA_E_3379393.flac	bonafide	0.8987230042875773	0.272241561845159	2	bonafide	1	0.9992794394493103
LA_0038	LA_E_7783830.flac	spoof	0.1927819243069986	0.9026023965438417	0	spoof	1	0.0003744864370673895
LA_0038	LA_E_7783830.flac	spoof	0.9115525796672221	0.20236336479523032	1	spoof	1	0.0003754353092517704
LA_0038	LA_E_7783830.flac	spoof	0.611913248301305	0.579219568941896	2	spoof	1	0.00037542765494436026
LA_0005	LA_E_8339197.flac	spoof	0.3535455658784634	0.8566142840923755	0	spoof	1	0.00037366480682976544
LA_0005	LA_E_8339197.flac	spoof	1.406625	0.7194629559509368	1	spoof	1	0.0012997849844396114
LA_0005	LA_E_8339197.flac	spoof	0.8641860795502074	0.6273088407024432	2	spoof	1	0.00037581956712529063
